id,word
1,Ancient
2,Animal
3,Animated
4,Aqautic
5,Aroma
6,Books
7,Brilliant
8,Bustling
9,Calm
10,Challenge
11,City
12,Cosmopolitan
13,Costume
14,Cozy
15,Creature
16,Crisp
17,Curvy
18,Damaged
19,Dangerous
20,Dark
21,Desert
22,Desolate
23,Desperate
24,Dessert
25,Diamond
26,Drain
27,Enchanting
28,Exotic
29,Feathers
30,Flag
31,Freedom
32,Funny
33,Fur
34,Galaxy
35,Heavy
36,Heroic
37,Hesitant
38,Historic
39,Home
40,Hope
41,Icy
42,Infernal
43,Kaleidoscopic
44,Landscape
45,Light
46,Lost
47,Love
48,Luxurious
49,Macabre
50,Magical
51,Melting
52,Merry
53,Moonlight
54,Moonlit
55,Mountainous
56,Mournful
57,Musical
58,Ocean
59,Old
60,Open
61,Party
62,Peaceful
63,Quiet
64,Rage
65,Rainbow
66,Ring
67,River
68,Romantic
69,Sea side
70,Sleepy
71,Sombre
72,Spontaneous
73,Spooky
74,Statue
75,Stormy
76,Strange
77,Stuck
78,Sunflower
79,Survive
80,Taboo
81,Transcend
82,Transform
83,Travel
84,Treasure
85,Truth
86,Unbidden
87,Uncover
88,Whole
89,Wonder
90,Young